Dataset Name,Archive Type,Proxy Type,Minimum Year,Maximum Year,Latitude,Longitude,DOI
P1B3.deVernal.2005,marine sediment,dinocyst,-7676,1824.39,73.683,-162.66,10.1029/2005PA001157
Flarken.Sepp.2005,lake sediment,pollen,-7031.785201,1999.622716,58.6,13.7,10.1007/s00382-005-0024-5
A7.Sun.2005,marine sediment,Mg/Ca,-13025,866,27.8,127.0,10.1029/2004PA001061
2005-804.Ledu.2013,marine sediment,dinocyst,-5780.8,926.4,68.9925,-106.5735,10.1016/j.quascirev.2010.06.018
HLY0501.deVernal.2013,marine sediment,dinocyst,-6259.4,1724.65,72.6947,-157.52,10.1016/j.quascirev.2013.07.006
s53s52.Kaislahti.2010,peat,d13C,-4221.296296,1990,59.8917,-104.2083,10.1016/j.palaeo.2010.09.029
PathLake.Neil.2014,lake sediment,pollen,-7171,1943,43.8708,-64.9271,10.1016/j.yqres.2014.01.001
M25and4KL11.Emeis.2003,lake sediment,alkenone,-9210,1800,36.7,17.7,10.1191/0959683603hl634rp
ScreaminglynxLake.Clegg.2011,lake sediment,chironomid,-8661,1993,66.0667,-145.4,10.1073/pnas.1110913108
MD032707.Weldeab.2007,lake sediment,Mg/Ca,-11150,1590,2.5,9.4,10.1126/science.1140461
MooseLake.Clegg.2010,lake sediment,chironomid,-4057.664,1970.03483,61.374,-143.5988,10.1016/j.quascirev.2010.08.001
DevilsLake.Shuman.2016,lake sediment,pollen,-9050,1900,43.42,-89.73,10.1016/j.quascirev.2016.03.009
GeoB65181.Schefu.2005,marine sediment,alkenone,-12740,1920,-5.6,11.2,10.1038/nature03945
MSM055_712-2.Werner.2015,marine sediment,foraminifera,-10003,1529,78.9157,6.7672,10.1016/j.quascirev.2015.09.007
Mount_Honey,marine sediment,pollen,-10613,1967.9167,-52.5,169.1,10.1038/ngeo931
malangen..2004,marine sediment,d18O,-5941.5,370,69.5,18.39,10.2113/0340034
Lake850.Larocque.2004,lake sediment,chironomid,-6089,1950,68.4,19.2,10.1016/j.quascirev.2004.04.006
SO189-39KL.Mohtadi.2014,marine sediment,Mg/Ca,-43380,1540,-0.7833,99.9,10.1038/nature13196
JM98-1.Husum.2004,marine sediment,d18O,-5941,370,69.5,18.39,10.1191/0959683604hl752rp
MD952011_HM794,marine sediment,foraminifera,-12989,1369,67.0,7.6,10.1029/2002PA000780
Gammelheimvatnet.Sepp.2009,lake sediment,pollen,-7018.1,1992.16,68.4667,17.75,10.5194/cp-5-523-2009
MD95-2015..2002,marine sediment,alkenone,-8077.6,1225.2,58.7667,-25.9667,10.1016/S0277-3791(01)00105-6
ODP658C.deMenocal.1997,marine sediment,foraminifera,-12400,1862,20.8,-18.6,10.1126/science.288.5474.2198
MD022529.Leduc.2007,lake sediment,alkenone,-12685,1838,8.2,-84.1,10.1038/nature05578
RL11.Emeus.2000,marine sediment,alkenone,-8520,1796.53,36.746,17.7175,10.1016/S0031-0182(00)00053-5
LittlePond.Marsicek.2013,lake sediment,pollen,-9050,1950,42.6759,-72.1917,10.1016/j.quascirev.2013.09.001
MD79257,lake sediment,foraminifera,-13745.48868,396.2774809,-20.4,36.3,10.1029/2006GC001514
hail..1995,lake sediment,pollen,-9384,1883,60.0333,-129.0167,10.7202/033027ar
KY07_04_01.Kubota.2010,marine sediment,Mg/Ca,-11131.62657,1929.065789,31.6,129.0,10.1029/2009PA001891
LakeTurkana.Berke.2012,lake sediment,TEX86,-4072.916,856.401,2.7125,36.537,10.1016/j.epsl.2012.07.008
SO189-119KL.Mohtadi.2014,marine sediment,Mg/Ca,-34110,1890,3.5167,96.3167,10.1038/nature13196
gloppsjon..2009,lake sediment,pollen,-7021.748047,1950,59.83,16.53,10.5194/cp-5-523-2009
ODP658C_UK37.Zhao.1995,marine sediment,alkenone,-20639,1813,20.75,-18.58,10.1029/94PA03354
MD982165,marine sediment,Mg/Ca,-12739.3,1183,-9.7,118.3,10.1029/2006GC001514
SN-6.STiwari.2015,marine sediment,Mg/Ca,-2822.19,1795.79,12.486,74.133,10.1177/0959683615585840
RAPID-12.Thornalley.2009,marine sediment,Mg/Ca,-9918.5,1950,62.0905,-17.8197,10.1038/nature07717
chuna..2005,lake sediment,pollen,-6868.769531,1950,67.95,32.48,10.1191/0959683605hl793rr
Hams.Shuman.2016,lake sediment,pollen,-9050,1950,43.24,-80.41,10.1016/j.quascirev.2016.03.009
MD952042,marine sediment,alkenone,-108150,1950,37.75,-10.17,10.1016/S0031-0182(01)00444-8
Reiarsdalsvatnet.Sepp.2009,lake sediment,pollen,-6980.53,2032.08,58.3167,7.7833,10.5194/cp-5-523-2009
MD99-2266.Moossen.2015,marine sediment,alkenone,-8794,1640,66.2295,-23.2655,10.1016/j.quascirev.2015.10.013
P1003.Sejrup.2011,marine sediment,d18O,-5930.835399,1998.235782,63.7622,5.2553,10.1016/j.quascirev.2011.07.025
GeoB10069-3.Gibbons.2014,marine sediment,Mg/Ca,1914.760424,1949.529877,-9.0099,120.0153,10.1016/j.epsl.2013.11.032
Nutt.Shuman.2016,lake sediment,pollen,-9050,1950,45.2132,-79.4496,10.1016/j.quascirev.2016.03.009
GISP2.Ally.2000,ice,d18O,-48031,1854.8591,72.58,-38.46,10.1016/S0277-3791(99)00062-1
PP10-07.Mary.2016,marine sediment,foraminifera,-8200,1528,43.677,-2.228,10.5194/cp-2016-32
PSh-5159N.Risebrobakken.2011,marine sediment,d18O,-10040.36585,1995.14326,71.35,22.6333,10.1029/2011PA002117
MD95-2040.Salguero.2014,marine sediment,foraminifera,-33013,1774,40.5818,-9.8612,10.1016/j.quascirev.2014.09.001
Pickerel.Shuman.2016,lake sediment,pollen,-9050,1950,45.5052,-97.2743,10.1016/j.quascirev.2016.03.009
TanaLake,lake sediment,GDGT,-14102.941,1552.936703,12.0,37.3,10.1016/j.palaeo.2015.02.005
MV99-GC41,marine sediment,Mg/Ca,-11861.8,1118.1,25.2,-112.7,10.1126/science.1194887
austerkjosen..2009,lake sediment,pollen,-6888.87,1930.55,68.5333,17.2667,10.5194/cp-5-523-2009
Svanavatnet.Bjune.2008,lake sediment,pollen,-6800.307797,1967.559846,66.44,14.05,10.1111/j.1502-3885.2007.00006.x
AMP112.vanderBilt.2016,lake sediment,alkenone,-10403.2,805.5,35.0,10.74,10.1016/j.quascirev.2016.10.006
Njulla.Bigler.2003,lake sediment,chironomid,-8320.11,1998,68.37,18.7,10.1023/A:1022850925937
PL-96.Voronina.2001,marine sediment,dinocyst,-6611.2,1747.24,71.7363,42.6052,10.1002/jqs.650
Sutherland.Shuman.2016,lake sediment,pollen,-9050,1900,41.39,-74.2,10.1016/j.quascirev.2016.03.009
YakYakumo.Leipe.2013,lake sediment,pollen,-3556,1910,42.2842,140.2594,10.1016/j.quaint.2012.07.014
MD94-103.Sicre.2005,marine sediment,alkenone,-48108,-3090,-45.583,86.533,10.1016/j.epsl.2005.09.032
Nikolay.Andreev.2004,lake sediment,chironomid,-8253.4,1890.678,73.3333,124.2,10.1016/j.palaeo.2004.02.010
SacredLake,lake sediment,GDGT,-45780,1887,0.08,37.53,10.1016/j.epsl.2012.09.031
IOW225517.Emeis.2003,marine sediment,alkenone,-9440,130,57.7,7.1,10.1191/0959683603hl634rp
M40-4-SL78.Emeis.2003,marine sediment,alkenone,-9430,1930,37.036,13.19,10.1191/0959683603hl622ed
OCE326GGC30,marine sediment,alkenone,-10970,1950,44.0,-63.0,10.1029/2006GL028495
NorthLake.Axford.2013,lake sediment,chironomid,-5151.53,2006,69.2417,-50.0267,10.1016/j.quascirev.2012.10.024
GeoB12610-2.Rippert.2015,marine sediment,Mg/Ca,-31340,1600,-4.8167,39.4237,10.1002/jqs.2767
candelabra..1995,lake sediment,pollen,-10617,1598,61.68,-130.65,10.7202/033027ar
LagoVerdarolo.Samartin.2011,lake sediment,chironomid,-11770,2009,44.36,10.12,10.1038/NGEO2891
andy..1995,lake sediment,pollen,-11242,1950,64.65,-128.0833,10.1016/0031-0182(95)00070-3
HU91.deVernal.2013,marine sediment,dinocyst,-4805.8,401.2,77.2667,-74.3317,10.1016/j.quascirev.2013.07.006
Vouskku.Larocque.2004,lake sediment,chironomid,-8250,1950,68.33,19.1,10.1016/j.quascirev.2004.04.006
Gilltjarnen.Antonsson.2006,lake sediment,hybrid,-7004.76121,1950,60.08,15.83,10.1002/jqs.1004
M350034.Rhlemann,lake sediment,alkenone,-12730,1950,12.1,-61.2,10.1038/990069
grostjorn..2009,lake sediment,pollen,-6964,1997,58.5333,7.7333,10.5194/cp-5-523-2009
74KL_UK37.Huguet.2006,marine sediment,alkenone,-12850,1750,14.3,57.3,10.1029/2005PA001215
ODP984.Came.2007,marine sediment,Mg/Ca,-8472.9,1396.2,61.4,-24.1,10.1130/G23455A.1
dalmutladdo..2004,lake sediment,pollen,-8564,1950,69.17,20.72,10.1080/03009480410001244
LS009.Ledu.2010,marine sediment,dinocyst,-8871,-84.7,74.187,-81.195,10.1016/j.quascirev.2010.06.018
flotatjonn..2009,lake sediment,pollen,-7070.71,1993.5,59.6667,7.55,10.5194/cp-5-523-2009
QuartzLake.Wooller.2012,lake sediment,chironomid,-8999,1173,64.206,-145.814,10.1007/s10933-012-9610-9
NIOP905_UK37,marine sediment,alkenone,-12701,1931,10.6,51.9,10.1029/2005PA001215
Raigastvere.Sepp.2004,lake sediment,hybrid,-6973,1950,58.5833,26.65,10.1016/j.yqres.2003.08.005
LagoGeminiInferiore.Samartin.2011,lake sediment,chironomid,-12070,2008,44.39,10.05,10.1038/NGEO2891
Kurupa.Boldt.2015,lake sediment,chlorophyll,-3643.69,2002.9094,68.35,-154.61,10.1177/0959683614565929
Okoboji.Shuman.2016,lake sediment,pollen,-9050,1950,43.3684,-95.1513,10.1016/j.quascirev.2016.03.009
GISP2.Kobashi.2017,ice,15N/40Ar,-9562,1993,72.6,-38.5,10.1038/s41598-017-01451-7
893A.Cannariato.2005,marine sediment,foraminifera,-8051.92164,1941.030303,34.2875,-120.036,10.1130/G21065.1
BS7933,marine sediment,alkenone,-27540,1090,38.25,14.02,10.1029/2000PA000502
iglutalik..2004,lake sediment,pollen,-8318.932374,1974.346469,66.14,-66.08,10.1016/j.quascirev.2004.03.013
KaiteCobreMayor.Martin-Chivelet.2011,speleothem,d13C,-2055,2000,42.7918,-3.8496,10.1016/j.gloplacha.2011.02.002
RuilaLake.Sepp.2004,lake sediment,pollen,-8062.5,1950,59.17,24.43,10.1016/j.yqres.2003.08.005
ODP1098B,marine sediment,TEX86,-9819,1870,-64.2,-64.86,
klotjarnen..2009,lake sediment,pollen,-6992.028,1998.18752,61.82,14.58,10.5194/cp-5-523-2009
vuoskkujavri..2002,lake sediment,pollen,-6460.04,1991.63,68.33,19.1,10.1191/0959683602hl559rp
GIK23258.Sarnthein.2003,marine sediment,d18O,-7144,955,75.0,14.0,10.1080/03009480310003351
NP04KH3KH4,marine sediment,TEX86,-12630,637,-6.7,29.8,10.1126/science.1160485
Deep.Shuman.2016,lake sediment,pollen,-9050,1950,41.624346,-70.577788,10.1016/j.quascirev.2016.03.009
MD972121,marine sediment,alkenone,-10514.9,-1366.25,-40.4,178.0,10.1029/2005PA001191
Kharinei.Jones.2011,lake sediment,chironomid,-9552.689549,2003.246277,67.3628,62.7507,10.1007/s10933-011-9528-7
MoonLake.Shuman.2016,lake sediment,pollen,-9050,1950,46.86,-98.16,10.1016/j.quascirev.2016.03.009
gunnarsfjorden..2007,lake sediment,pollen,-7174.107,1989.756134,71.0383,28.1685,10.1016/j.quascirev.2007.02.009
holebudalen..2009,lake sediment,chironomid,-8998.19,1959.54,59.83,6.98,10.5194/cp-5-523-2009
arapisto..2007,lake sediment,pollen,-6938.5,1950,60.58,24.8,10.1177/0959683607077020
KP2.Sepp.2009,lake sediment,pollen,-7047,1950,68.8,35.32,10.5194/cp-5-523-2009
SO136GC11.Barrows.2007,marine sediment,alkenone,-11880,1900,-43.5,167.9,10.1126/science.1145873
Vostok_Antarctica,marine sediment,dD,-9692,1950,-78.5,108.0,10.1038/20859
k2..2005,lake sediment,chironomid,-4767.176446,1998,58.7347,-65.9342,10.1016/j.palaeo.2004.07.006
Soylegrotta.Lauritzen.1999,speleothem,d18O,-8005.221649,1813.497047,66.62,13.68,10.1191/095968399667823929
V2130,marine sediment,Mg/Ca,-25522.42857,-484.545455,1.22,-89.68,10.1029/2003PA000894
GrahamLake.Shuman.2016,lake sediment,pollen,-9050,1950,45.1902,-77.357,10.1016/j.quascirev.2016.03.009
BJ8_70GGC,marine sediment,Mg/Ca,-12176,1843,-3.6,119.4,10.1038/ngeo920
HangingLake.Kurek.2009,lake sediment,chironomid,-13652.3,1950,68.4,-138.4,10.1016/j.yqres.2009.04.007
ODP1671017E,marine sediment,alkenone,-8274,1950,34.535,-121.107,10.2973/odp.proc.sr.167.223.2000
TsuolbmajavriLake.Sepp.2009,lake sediment,chironomid,-7017,1995,68.41,22.05,10.5194/cp-5-523-2009
TsuolbmajavriLake.Sepp.2009,lake sediment,pollen,-7017,1995,68.41,22.05,10.5194/cp-5-523-2009
Rice.Shuman.2016,lake sediment,pollen,-9050,1950,48.01,-101.53,10.1016/j.quascirev.2016.03.009
ToskaljavriLake.Sepp.2009,lake sediment,pollen,-7550,1950,69.2,21.47,10.5194/cp-5-523-2009
PL0739PC.Lea.2003,marine sediment,Mg/Ca,-12127,1485,10.7,-65.0,10.1126/science.1088470
KR02.Peros.2008,lake sediment,pollen,-8151.5,1998.9843,71.34,-113.78,10.1016/j.quascirev.2007.09.002
GIK232582.Sarnthein.2003,marine sediment,d18O,-11961,1252,75.0,14.0,10.1029/2002PA000769
Steel.Shuman.2016,lake sediment,pollen,-9050,1950,46.97,-94.68,10.1016/j.quascirev.2016.03.009
Ranger..1983,lake sediment,pollen,-33575,1950,67.1472,-153.65,10.1016/0033-58948390077-7
CH0798GGC19,marine sediment,alkenone,-9950,1430,36.9,-74.6,10.1029/2006GL028495
GeoB59012.Kim.2004,marine sediment,alkenone,-7662.5,820,36.4,-7.1,10.1016/j.quascirev.2004.08.010
TrehorningenLake.Antonsson.2007,lake sediment,pollen,-6944,1950,58.55,11.6,10.1080/03009480701317421
MD01-2446.Salguero.2014,marine sediment,foraminifera,-18062,-340,39.0558,-12.624,10.1016/j.quascirev.2014.09.001
MD01-2416.Sarnthien.2004,marine sediment,foraminifera,-9970,-3682,51.268,167.725,10.1016/j.quascirev.2004.08.008
MD01-2416.Sarnthien.2004,marine sediment,Mg/Ca,-9970,-3682,51.268,167.725,10.1016/j.quascirev.2004.08.008
Myrvatn.Sepp.2009,lake sediment,pollen,-6943.76,1992.4,68.65,16.3833,10.5194/cp-5-523-2009
GeoB65181_MBT.Weijers.2007,marine sediment,GDGT,-12740,1920,-5.6,11.2,10.1126/science.1138131
TY93-905.Kim.2004,marine sediment,alkenone,-9470,1950,11.0667,51.95,10.1594/PANGAEA.761700
sjuuodjijaure..2001,lake sediment,hybrid,-7367,1950,67.37,18.07,10.1191/095968301680223503
Cadagno.Niemann.2012,lake sediment,GDGT,-8992,1993.5,46.5507,8.7139,10.5194/cp-8-889-2012
TrettetjornLake.Bjune.2005,lake sediment,pollen,-6576.963206,2002,60.72,7.0,10.1191/0959683605hl798rp
JR51-GC35..2007,marine sediment,alkenone,-8220.63,1888.13,67.59,-17.56,10.1177/0959683607073269
MD012378.Xu.2008,lake sediment,Mg/Ca,-13218.35,1217.75,13.1,121.8,10.1016/j.epsl.2008.06.029
honeymoon..1991,lake sediment,pollen,-8845,1933,64.6333,-138.4,10.2307/1938915
182873.Kienast.2001,marine sediment,alkenone,-12935,-1439,5.7,110.7,10.1126/science.1057131
GGC19.Farmer.2011,marine sediment,d18O,-4561.9,1534.57,72.16,-155.51,10.1029/2011GL049714
Corser..2014,peat,GDGT,-9166,1847,60.53,-145.45,10.1177/0959683614540729
bells..1995,lake sediment,pollen,-11349,1950,65.0167,-127.4833,10.1016/0031-0182(95)00070-3
ODP117-723A,marine sediment,foraminifera,-20310,1450,18.0518,57.609,10.1016/j.marmicro.2010.09.006
MD982176,marine sediment,Mg/Ca,-11221,1824.26,-5.0,133.4,10.1126/science.1143791
NIOP905_TEX86,marine sediment,TEX86,-12701,1931,10.6,51.9,10.1029/2005PA001215
ODP1084B,marine sediment,Mg/Ca,-18523,1950,-25.5,13.0,10.1029/2004PA001049
MD022575.Ziegler.2008,lake sediment,Mg/Ca,-18029,711,29.0,-87.1,10.1038/ngeo277
"Composit_MD012421,KR0206",marine sediment,alkenone,-10060,1925,36.0,141.8,10.1130/G25667A.1
MD99-2256..2010,marine sediment,foraminifera,-9383,1993,64.3032,-24.2067,10.1016/j.marmicro.2010.08.002
hudson..2011,lake sediment,chironomid,-7624,1977.94169,61.9,-145.6667,10.1073/pnas.1110913108
D13822,marine sediment,alkenone,-9547.7,1508,38.6,-9.5,10.1029/2008GC002367
Yarnyshnoe.Sepp.2008,lake sediment,pollen,-10534.02,752.14,69.0667,36.0667,10.1016/j.yqres.2008.02.002
HighLake.Shuman.2016,lake sediment,pollen,-9050,1950,44.52,-76.6,10.1016/j.quascirev.2016.03.009
LakeStowell.Lemmen.2017,lake sediment,chironomid,-12233,2007,48.7817,-123.4439,10.1007/s10933-017-9998-3
LakeStowell.Lemmen.2017,lake sediment,chironomid,-12233,2007,48.7817,-123.4439,10.1007/s10933-017-9998-3
DomeC.Jouzel.2007,ice,dD,-10064.4326,1911.62621,-75.1,123.4,10.1126/science.1141038
Dolgoe.Wolfe.2000,lake sediment,d18O,-12158.5,1899.3,71.8667,127.0667,10.1006/qres.2000.2124
MD99-2269..2008,marine sediment,diatom,-9527,1966.102,66.85,-20.85,10.1016/j.quascirev.2008.05.006
MD99-2284..2006,marine sediment,Mg/Ca,-10046.47788,951.7058824,62.3667,0.9667,10.1029/2005GC001078
OCE326GGC26,marine sediment,alkenone,-9880,1850,43.0,-55.0,10.1029/2006GL028495
Njakajaure.Bigler.2006,lake sediment,diatom,-6905,1839,68.33,18.78,10.1007/s00334-006-0054-x
MD982181,marine sediment,Mg/Ca,-9709,1947.4,6.3,125.8,10.1126/science.1143791
74KL_TEX86.Huguet.2006,marine sediment,alkenone,-12850,1750,14.3,57.3,10.1029/2005PA001215
Nautajarvi.Sepp.2009,lake sediment,pollen,-7048,1899,61.8,24.7,10.5194/cp-5-523-2009
HU90.deVernal.2013,marine sediment,dinocyst,-9968.6,588.5,58.2098,-48.3733,10.1016/j.quascirev.2013.07.006
GreatBasin.Salzer.2013,tree,TRW,-2574,2006,38.0,-116.5,10.1007/s00382-013-1911-9
HU84.deVernal.2013,marine sediment,dinocyst,-6346.5,-18.1,58.3677,-57.507,10.1016/j.quascirev.2013.07.006
BJ8_13GGC,marine sediment,Mg/Ca,-8606.54,1780.82,-7.4,115.2,10.1038/ngeo920
POS362-2_33.Blanchet.2014,marine sediment,alkenone,-7600,1950,31.6932,29.7508,10.1371/journal.pone.0115958
MD972120,marine sediment,alkenone,-10837,-1,-45.5,174.9,10.1029/2005PA001191
MD952011,marine sediment,alkenone,-6540,1430,67.0,7.6,10.1016/S0277-3791(01)00096-8
jake..2005,lake sediment,pollen,-6131.666314,1991,63.667,-65.152,10.1016/j.quascirev.2004.06.021
PC2.Seki.2004,marine sediment,alkenone,-8160,1900,50.395,148.323,10.1029/2002PA000808
AgassizRenland.Vinther.2009,ice,d18O,-9700,1960,75.985,-49.915,10.1038/nature08355
Chatsworth.Shuman.2016,peat,pollen,-9050,1150,40.68,-88.34,10.1016/j.quascirev.2016.03.009
Kotokel.Tarasov.2009,lake sediment,pollen,-13127.7,1950,52.7928,108.1244,10.5194/cp-5-285-2009
Hinterburgsee.Heiri.2003,lake sediment,chironomid,-10951,1990.9,46.7186,8.0686,10.1191/0959683603hl640ft
JM01-1199.Hald.2007,marine sediment,foraminifera,-11404.93089,2000.1,71.99,14.36,10.1016/j.quascirev.2007.10.005
MD952043,marine sediment,alkenone,-12739.231,868.2,36.1,-2.6,10.1029/2000PA000502
GeoB3910.Jaeschke.2007,marine sediment,alkenone,-12980,640,-4.2,-36.3,10.1029/2006PA001391
BloodPond.Marsicek.2013T,lake sediment,pollen,-9050,1950,42.08,-71.962,10.1016/j.quascirev.2013.09.001
UpperFlyLake.Balascio.2008,lake sediment,pollen,-11378.8,1950,61.07,-138.09,10.1016/j.quascirev.2008.10.007
TroutLake.Irvine.2012,lake sediment,chironomid,-13474.5,1887,68.828,-138.75,10.1007/s10933-012-9612-7
MD99-2227..2013,marine sediment,dinocyst,-9882,1196.61,58.2107,-48.373,10.1016/j.quascirev.2013.07.006
M39008.Cacho.2001,lake sediment,alkenone,-12722.255,492.5,36.38,-7.1,10.1029/2000PA000502
CarletonLake.Upiter.2014,lake sediment,chironomid,-4014.2,2003.9,64.2572,-110.1008,10.1007/s10933-014-9775-5
MD97-2151.Yamamoto.2013,marine sediment,TEX86,-152572,995,8.728,109.869,10.1038/ngeo2763
MD97-2151.Yamamoto.2013,marine sediment,alkenone,-152572,995,8.728,109.869,10.1038/ngeo2763
liltlvatn..2009,lake sediment,pollen,-6829.86,1995,68.5167,14.8667,10.5194/cp-5-523-2009
V1928,marine sediment,d18O,-26540,60,2.37,-84.65,10.1029/2003PA000894
MSM055_723-2.Werner.2015,marine sediment,foraminifera,-10066,2009,79.161,5.3378,10.1016/j.quascirev.2015.09.007
MD01-2444.Martrat.2007,marine sediment,alkenone,-418050,1890,37.565,-10.134,10.1126/science.1139994
MD99-2256.Jennings.2015,marine sediment,foraminifera,-10449,1768.78,64.3032,-24.2067,10.1016/j.quascirev.2014.10.022
Turkana.Berke.2012,lake sediment,TEX86,-4072.916,856.401,2.7125,36.537,Empty
JM96-1207.Messager.2013,marine sediment,dinocyst,-8639,1493.07,68.1,-29.35,10.1029/2005PA001175
BS7938,marine sediment,alkenone,-22567,1083,38.4,13.6,10.1029/2000PA000502
LO09.Berner.2008,marine sediment,diatom,-9026.135934,1582.5,58.9383,-30.4083,10.1029/2006PA001339
ODP1751078C,marine sediment,alkenone,-22790,1930,-11.9208,13.4002,10.1029/2003GL017557
O2kLR-Tagusmudpatc.Abrantes.2005,marine sediment,alkenone,-6052,2001,38.556,-9.3498,10.1016/j.quascirev.2004.04.009
O2kLR-Tagusmudpatc.Abrantes.2005,marine sediment,alkenone,-6052,2001,38.556,-9.3498,10.1016/j.quascirev.2004.04.009
Tiavatnet.Sepp.2009,lake sediment,pollen,-7038,2000,63.05,9.4167,10.5194/cp-5-523-2009
ODP1019.Barron.2003,marine sediment,alkenone,-14140,1790,41.682,-124.93,10.1029/2002PA000768
GeoB3129.Weldeab.2006,marine sediment,Mg/Ca,-11950,1780,-4.6,-36.6,10.1016/j.epsl.2005.11.012
MSM05-712..2012,marine sediment,dinocyst,-8564,1492.35,78.916,6.767,10.1016/j.quascirev.2012.04.024
haugtjern..2009,lake sediment,pollen,-7009,1973,60.8333,10.8833,10.5194/cp-5-523-2009
SSDP102,marine sediment,alkenone,-4930,1940,34.953,128.881,10.1016/j.quascirev.2004.08.010
lily..1990,lake sediment,pollen,-10790,1896,59.2,-135.4,10.1139/b90-139
GeoB4905.Weldeab.2005,marine sediment,Mg/Ca,-12660,1890,2.5,9.4,10.1130/G21874.1
Rainbow.Clegg.2011,lake sediment,chironomid,-11555.54427,2004,60.7167,-150.8,10.1073/pnas.1110913108
isbenttjonn..2009,lake sediment,pollen,-6940.1,1993.5,59.7667,7.4333,10.5194/cp-5-523-2009
GISP2.Kobashi.2012,ice,d15Nd40Ar,-2000,1993,70.6,38.5,10.1029/2011GL049444
Sharkey.Shuman.2016,lake sediment,pollen,-9050,1300,44.59,-93.41,10.1016/j.quascirev.2016.03.009
Ratasjoen.Velle.2005,lake sediment,chironomid,-8918.920565,1999,62.27,9.83,10.1016/j.quascirev.2004.10.010
MD012390.Steinke.2008,lake sediment,Mg/Ca,-14276,900,6.6,113.4,10.1016/j.quascirev.2007.12.003
O2kLR-CapeGhirNWAf.Kim.2006,marine sediment,alkenone,-8552,1977.59,30.85,-10.2685,10.1130/G23251A.1
MD972141,marine sediment,Mg/Ca,-68850,-2384.286,8.78,121.28,10.1029/2002GL016612
Lyadhej-To.Andreev.2005,lake sediment,chironomid,-8838.064453,1881.111115,68.25,65.79,10.1016/j.palaeo.2005.04.004
P178-15P.Tierney.2015,marine sediment,alkenone,-37535,1968,11.955,44.3,10.1038/ngeo2603
P178-15P.Tierney.2015,marine sediment,TEX86,-37535,1968,11.955,44.3,10.1038/ngeo2603
P178-15P.Tierney.2015,marine sediment,Mg/Ca,-37535,1968,11.955,44.3,10.1038/ngeo2603
JR01.Zabenskie.2007,lake sediment,pollen,-5006,1999,69.9,-95.07,10.1016/j.yqres.2007.04.003
BighornBasin.Shuman.2012,lake sediment,pollen,-10050,1950,44.285,-108.635,10.1073/pnas.1201341110
Tornetrask.Grudd.2002,tree,TRW,-5406,1997,68.0,20.0,10.1191/0959683602hl578rp
GEOFAR_KF16_MgCa.Repschlager.2016,marine sediment,Mg/Ca,-9308,1426,37.999,-31.1283,10.1029/2012PA002281
lapland..2010,tree,TRW,-5500,2005,69.0,25.0,10.1007/s10933-012-9598-1
B997-321..2005,marine sediment,d18O,-4177.8,1772.57,66.53,-18.97444,10.1016/j.quascirev.2004.07.025
Mansell.Shuman.2016,lake sediment,pollen,-8350,1950,45.0405,-68.7347,10.1016/j.quascirev.2016.03.009
dalene..2009,lake sediment,pollen,-6990.4,2006.87,58.25,8.0,10.5194/cp-5-523-2009
MD99-2264..2010,marine sediment,foraminifera,-9553,1974,66.679,-24.196,10.1016/j.marmicro.2010.08.002
V1927,marine sediment,d18O,-27890,520,0.47,-82.07,10.1029/2003PA000894
brurskardstjorni..2005,lake sediment,chironomid,-8950.42,1977,61.42,8.67,10.1016/j.quascirev.2004.10.010
SO139-74KL.Luckge.2008,marine sediment,alkenone,-290050,943,-6.543,103.833,10.1029/2008PA001627
GeoB77023.Castaeda.2010,marine sediment,TEX86,-12634.6413,1808.25,31.7,34.1,10.1029/2009PA001740
Svartvatnet.Sepp.2009,lake sediment,pollen,-6988,1987,63.35,9.55,10.5194/cp-5-523-2009
AD9117.Guinta.2001,marine sediment,alkenone,-9060,-40,40.9,18.6,10.13130/2039-4942/5447
akvaquak..2009,lake sediment,pollen,-6384,1940,66.7833,-63.95,10.5194/cp-5-347-2009
TTR17_434G.Rodrigo-Gamiz.2014,marine sediment,LDI,-11778,1923.2,36.2052,-4.3122,10.1002/2013PA002466
TTR17_434G.Rodrigo-Gamiz.2014,marine sediment,alkenone,-11778,1923.2,36.2052,-4.3122,10.1002/2013PA002466
laihalampi..2003,lake sediment,pollen,-7045.363726,1900.956913,61.48,26.07,10.1016/S0277-37910200189-0
Khoe.Leipe.2015,lake sediment,pollen,-41780,1950,51.34,142.14,10.1016/j.quascirev.2015.03.012
kinnshaugen..2009,lake sediment,pollen,-6879,1973,62.0167,10.3667,10.5194/cp-5-523-2009
TTR-12_293G.Rodrigo-Gamiz.2014,marine sediment,LDI,-17452.1,1861,36.1736,-2.7547,10.1002/2013PA00246
TTR-12_293G.Rodrigo-Gamiz.2014,marine sediment,alkenone,-17452.1,1861,36.1736,-2.7547,10.1002/2013PA00246
SprucePond.Shuman.2016,lake sediment,pollen,-9050,1850,41.2368,-74.1834,10.1016/j.quascirev.2016.03.009
HAP0212.vanderBilt.2016,lake sediment,alkenone,-9167.3,1416.3,79.2593,11.5178,10.1016/j.quascirev.2016.10.006
bjornfjelltjorn..2006,lake sediment,pollen,-6910.14,1995,68.4333,18.0667,10.1016/j.quascirev.2005.03.021
ME005A43JC,marine sediment,Mg/Ca,-13610,1458,7.9,-83.6,10.1029/2005PA001208
Core17940,marine sediment,alkenone,-12565,1936.5,20.1,117.4,10.1029/1998PA900015
O2kLR-NorthwestPac.Harada.2004,marine sediment,alkenone,-15380,1370,46.32,152.53,10.1029/2004GC000740
GeoB58442.Arz.2003,marine sediment,alkenone,-13196.9,1136.8,27.7,34.7,10.1126/science.1080325
Meleze.MacDonald.1983,lake sediment,pollen,-11749,1982,65.2167,-126.1167,10.1038/361243a0
Oykjamyrtjorn.Bjune.2005,lake sediment,chironomid,-9020.879146,2001.005381,59.82,6.0,10.1191/0959683605hl798rp
berkut..2005,lake sediment,chironomid,-8168,1950,66.35,36.67,10.1191/0959683605hl865ra
IOW225514.Emeis.2003,marine sediment,alkenone,-4482.2,1500.89,57.838,8.704,10.1191/0959683603hl634rp
